<?xml version="1.0" encoding="utf-8"?>
<!-- $Id: lt-LT.com_kunena.xml 4727 2011-04-06 06:15:04Z mahagr $ -->
<!DOCTYPE install>
<install type="language" version="1.5" client="site" method="upgrade">
	<name>Lithuanian</name>
	<tag>lt-LT</tag>
	<creationDate>2011-05-07</creationDate>
	<version>1.6.4</version>
	<build>4832</build>
	<author>Martis</author>
    <authoremail>vertimai@joomla123.lt</authoremail>
    <authorurl>www.joomla123.lt</authorurl>
    <copyright></copyright>
    <license>http://www.gnu.org/licenses/gpl-2.0.html GNU/GPL</license>
    <description>
	<![CDATA[
	    <div style="background-color: #ddeebe; padding: 8px 20px 8px 20px; color:#08532f;	border-top: 1px solid #08532f ;	border-bottom: 1px solid #08532f;">
		
		<p>
		<img style="margin: 0px 20px 0px 0px; border: 0px none #000000; float: left;" alt="" src="http://www.joomla123.lt/images/stories/flexicontent/s_logo-kunena.png" />
			<span style="font-size: 14pt;">
			
			Lietuvių kalbos paketas forumo komponentui Kunena v1.6.3, ver.1.0
			
			</span><br/>

			<span style="font-size: 9pt;">Lietuviškas išorinės sąsajos vertimas atliktas ZYLKIN, specialiai <a target="_blank" href="http://www.joomla123.lt">Joomla123.lt</a> bendruomenei. Korektūra - Andrius Balsevičius.</span>
			<span style="font-size: 9pt;">Vidinės sąsajos vertimas - Martis, iš <a target="_blank" href="http://www.joomla123.lt">Joomla123.lt</a> komandos.</span></span><br/>
			<span style="font-size: 8pt;">Jei norite prisijungti prie vertimų komandos arba pastebėjote vertimo klaidų, <a target="_blank" href="http://www.joomla123.lt/parasyk-mums">susisiekite su mumis</a>.</span><br/>
		</p>
		<div style="clear:both;"></div>
		</div>
		<br/>
		 <div style="background-color: #ddeebe; padding: 8px 20px 8px 20px; color:#08532f;	border-top: 1px dashed #08532f ; border-bottom: 1px dashed #08532f;">
		  <span style="font-size: 10pt;">Išversta:</span><br/><br/>
		  <img style="margin: 0px 4px 0px 0px; vertical-align: middle;" alt="lng_backend" src="http://www.joomla123.lt/images/stories/page_images/translation_icons/lng_backend.png" width="17" height="17" />vidinė sąsaja (back-end)<br/><br/>
		  <img style="margin: 0px 4px 0px 0px; vertical-align: middle;" alt="lng_frontend" src="http://www.joomla123.lt/images/stories/page_images/translation_icons/lng_frontend.png" width="17" height="17" />išorinė sąsaja (front-end)<br/><br/>
		  <img style="margin: 0px 4px 0px 0px; vertical-align: middle;" alt="lng_ini" src="http://www.joomla123.lt/images/stories/page_images/translation_icons/lng_ini.png" width="17" height="17" />Saugus vertimas. Naudojami tik INI failai.<br/><br/>
		</div>
		]]>
	</description>
	<files>
		<filename>lt-LT.com_kunena.ini</filename>
		<filename>lt-LT.com_kunena.tpl_default.ini</filename>
		<filename>lt-LT.com_kunena.tpl_example.ini</filename>
	</files>
</install>
