<?xml version="1.0" encoding="UTF-8"?>
<!-- $Id: th-TH.com_kunena.xml 4336 2011-01-31 06:05:12Z severdia $ -->
<!DOCTYPE install>
<install type="language" version="1.5" client="site" method="upgrade">
	<name>Kunena Forum - Thai</name>
	<tag>th-TH</tag>
	<creationDate>2011-05-07</creationDate>
	<version>1.6.4</version>
	<build>4832</build>
	<author>drlovecat</author>
	<authorEmail>admin@kunenathai.com</authorEmail>
	<authorUrl>www.kunenathai.com</authorUrl>
	<copyright>(C) 2011 Kunenathai.com</copyright>
	<license>GNU/GPL</license>
	<description>ชุดติดตั้งภาษาไทยสำหรับระบบฟอรัม Kunena 1.6.1</description>

	<files>
		<filename>th-TH.com_kunena.ini</filename>
		<filename>th-TH.com_kunena.tpl_default.ini</filename>
		<filename>th-TH.com_kunena.tpl_example.ini</filename>
	</files>
</install>