<?xml version="1.0" encoding="UTF-8"?>
<!-- $Id: es-ES.com_kunena.xml 4727 2011-04-06 06:15:04Z mahagr $ -->
<!DOCTYPE install>
<install type="language" version="1.5" client="site" method="upgrade">
        <name>Kunena Forum - Spanish</name>
        <tag>es-ES</tag>
        <creationDate>2011-05-07</creationDate>
		<version>1.6.4</version>
		<build>4832</build>
        <author>Kunena Spanish Team</author>
        <authorEmail>kunenaspanish@kunenaspanish.com</authorEmail>
        <authorUrl>http://www.KunenaSpanish.com</authorUrl>
        <copyright>(C) 2008 - 2011 Kunena Spanish Team. All rights reserved.</copyright>
        <license>GNU/GPL</license>
        <description>Spanish language file for Kunena Forum Component</description>

        <files>
                <filename>es-ES.com_kunena.ini</filename>
                <filename>es-ES.com_kunena.tpl_default.ini</filename>
                <filename>es-ES.com_kunena.tpl_example.ini</filename>
        </files>
</install>
