<?xml version="1.0" encoding="UTF-8"?>
<!-- $Id: tr-TR.com_kunena.xml 4336 2011-01-31 06:05:12Z severdia $ -->
<!DOCTYPE install>
<install type="language" version="1.5.4" client="site" method="upgrade">
	<name>Turkish(Turkiye)</name>
	<tag>tr-TR</tag>
	<creationDate>2011-05-07</creationDate>
	<version>1.6.4</version>
	<build>4832</build>
	<author>Tolga</author>
	<authoremail>cumla@windowslive.com</authoremail>
	<authorurl>http://www.cumla.org</authorurl>
	<copyright>(C) 2005 Open Source Matters. All rights reserved..</copyright>
	<license>http://www.gnu.org/licenses/gpl-2.0.html GNU/GPL</license>
	<description>Kunena bileseni icin Turkce dil dosyalari</description>

	<files>
		<filename>tr-TR.com_kunena.ini</filename>
		<filename>tr-TR.com_kunena.tpl_default.ini</filename>
		<filename>tr-TR.com_kunena.tpl_example.ini</filename>
	</files>
</install>