<?xml version="1.0" encoding="UTF-8"?>
<!-- $Id: fi-FI.com_kunena.xml 4782 2011-04-17 07:16:50Z mahagr $ -->
<!DOCTYPE install>
<install type="language" version="1.5" client="site" method="upgrade">
	<name>Kunena Forum - Finnish (Suomi)</name>
	<tag>fi-FI</tag>
	<creationDate>2011-05-07</creationDate>
	<version>1.6.4</version>
	<build>4560</build>
	<author>Sami Haaranen</author>
	<authorEmail>mortti@joomlaportal.fi</authorEmail>
	<authorUrl>http://www.joomlaportal.fi</authorUrl>
	<copyright>(C) 2006 - 2011 Sami Haaranen</copyright>
	<license>GNU/GPL</license>
	<description>Suomenkielinen käännös Kunena Forum lisäosaan</description>

	<files>
		<filename>fi-FI.com_kunena.ini</filename>
		<filename>fi-FI.com_kunena.tpl_default.ini</filename>
		<filename>fi-FI.com_kunena.tpl_example.ini</filename>
	</files>
</install>