<?xml version="1.0" encoding="UTF-8"?>
<!-- $Id: fr-FR.com_kunena.xml 4140 2011-01-02 14:14:02Z mahagr $ -->
<!DOCTYPE install>
<install type="language" version="1.5" client="administrator" method="upgrade">
	<name>Kunena Forum - French</name>
	<tag>fr-FR</tag>
	<creationDate>2011-05-07</creationDate>
	<version>1.6.4</version>
	<build>4832</build>
	<author>unknown</author>
	<authorEmail>unknown</authorEmail>
	<authorUrl>unknown</authorUrl>
	<copyright>(C) 2010 unknown</copyright>
	<license>GNU/GPL</license>
	<description>French language file for Kunena Forum Component</description>
	
	<files>
		<filename>fr-FR.com_kunena.ini</filename>
		<filename>fr-FR.com_kunena.install.ini</filename>
		<filename>fr-FR.com_kunena.menu.ini</filename>
		<filename>fr-FR.com_kunena.sys.ini</filename>
	</files>
</install>