<?xml version="1.0" encoding="UTF-8"?>
<!-- $Id: id-ID.com_kunena.xml 4079 2010-12-25 04:10:13Z fxstein $ -->
<!DOCTYPE install>
<install type="language" version="1.6" client="site" method="upgrade">
	<name>Kunena Forum - Indonesia</name>
	<tag>id-ID</tag>
	<creationDate>2011-05-07</creationDate>
	<version>1.6.4</version>
	<build>4832</build>
	<author>Daniel</author>
	<authorEmail>daniells@ymail.com</authorEmail>
	<authorUrl>unknown</authorUrl>
	<copyright>(C) 2010 unknown</copyright>
	<license>GNU/GPL</license>
	<description>Indonesia language file for Kunena Forum Component</description>

	<files>
		<filename>id-ID.com_kunena.ini</filename>
		<filename>id-ID.com_kunena.tpl_default.ini</filename>
		<filename>id-ID.com_kunena.tpl_example.ini</filename>
	</files>
</install>
