<?xml version="1.0" encoding="UTF-8"?>
<!-- $Id: hu-HU.com_kunena.xml 4476 2011-02-23 13:42:16Z mahagr $ -->
<!DOCTYPE install>
<install type="language" version="1.5" client="site" method="upgrade">
	<name>Kunena Forum - Hungarian</name>
	<tag>hu-HU</tag>
	<creationDate>2011-02-19</creationDate>
	<version>1.6.3</version>
	<build>3894</build>
	<author>pedrohsi</author>
	<authorEmail>unknown</authorEmail>
	<authorUrl>unknown</authorUrl>
	<copyright>(C) 2010 unknown</copyright>
	<license>GNU/GPL</license>
	<description>Hungarian language file for Kunena Forum Component.</description>

	<files>
		<filename>hu-HU.com_kunena.ini</filename>
		<filename>hu-HU.com_kunena.tpl_default.ini</filename>
		<filename>hu-HU.com_kunena.tpl_example.ini</filename>
	</files>
</install>