<?xml version="1.0" encoding="utf-8"?>
<!-- $Id: da-DK.com_kunena.xml 4476 2011-02-23 13:42:16Z mahagr $ -->
<!DOCTYPE install>
<install version="1.5" client="administrator" type="language" method="upgrade">
	<name>Dansk (Danish)</name>
	<tag>da-DK</tag>
	<creationDate>2011-05-07</creationDate>
	<version>1.6.4</version>
	<build>4832</build>
	<author>Lars Westermann</author>
	<authoremail>Lars.Westermann@privat.dk</authoremail>
	<authorUrl></authorUrl>
	<copyright></copyright>
	<license>http://www.gnu.org/licenses/gpl-2.0.html GNU/GPL</license>
	<description>Danish language files for Kunena 1.6.3</description>
	<files>
		<filename>da-DK.com_kunena.ini</filename>
		<filename>da-DK.com_kunena.install.ini</filename>
		<filename>da-DK.com_kunena.menu.ini</filename>
		<filename>da-DK.com_kunena.sys.ini</filename>
	</files>
</install>