<?xml version="1.0" encoding="UTF-8"?>
<!-- $Id: fr-FR.com_kunena.xml 4079 2010-12-25 04:10:13Z fxstein $ -->
<!DOCTYPE install>
<install type="language" version="1.5" client="site" method="upgrade">
	<name>Kunena Forum - French</name>
	<tag>fr-FR</tag>
	<creationDate>2011-05-07</creationDate>
	<version>1.6.4</version>
	<build>4832</build>
	<author>unknown</author>
	<authorEmail>unknown</authorEmail>
	<authorUrl>unknown</authorUrl>
	<copyright>(C) 2010 unknown</copyright>
	<license>GNU/GPL</license>
	<description>French language file for Kunena Forum Component</description>

	<files>
		<filename>fr-FR.com_kunena.ini</filename>
		<filename>fr-FR.com_kunena.tpl_default.ini</filename>
		<filename>fr-FR.com_kunena.tpl_example.ini</filename>
	</files>
</install>